PatientID,Gender,Age,City
1,Male,88,Wakefield
2,Female,85,Bradford
3,Male,54,Bradford
4,Male,63,Sheffield
5,Male,49,York
6,Female,20,Bradford
7,Male,53,Bradford
8,Female,22,Wakefield
9,Female,48,Bradford
10,Female,31,York
11,Male,13,York
12,Male,75,York
13,Male,20,Wakefield
14,Female,28,Sheffield
15,Female,65,Wakefield
16,Female,68,York
17,Male,66,Wakefield
18,Male,14,Sheffield
19,Female,19,Sheffield
20,Female,83,Leeds
21,Male,31,Sheffield
22,Female,50,Sheffield
23,Male,17,Sheffield
24,Male,20,Leeds
25,Male,36,Wakefield
26,Male,4,Bradford
27,Male,46,Leeds
28,Male,2,Sheffield
29,Female,81,Sheffield
30,Female,77,Leeds
31,Female,79,Sheffield
32,Female,72,Leeds
33,Male,57,Leeds
34,Female,28,Wakefield
35,Male,19,Bradford
36,Male,89,Wakefield
37,Male,58,Wakefield
38,Female,74,York
39,Female,5,Sheffield
40,Male,15,Bradford
41,Male,49,York
42,Male,3,Wakefield
43,Male,29,Sheffield
44,Male,19,Leeds
45,Male,77,York
46,Male,2,York
47,Female,3,Leeds
48,Female,7,Sheffield
49,Male,61,York
50,Male,20,Bradford
51,Female,48,Sheffield
52,Female,43,York
53,Male,60,Sheffield
54,Female,29,Wakefield
55,Male,17,Bradford
56,Male,19,Bradford
57,Female,22,Leeds
58,Male,34,York
59,Female,74,Sheffield
60,Female,50,Leeds
61,Male,78,Bradford
62,Male,80,York
63,Female,44,Leeds
64,Male,13,York
65,Male,50,Sheffield
66,Male,41,Sheffield
67,Female,66,York
68,Female,77,Bradford
69,Female,41,Wakefield
70,Male,4,Wakefield
71,Male,69,Leeds
72,Male,2,York
73,Male,38,Leeds
74,Female,4,York
75,Female,90,York
76,Female,29,Sheffield
77,Male,26,Bradford
78,Male,49,Bradford
79,Female,84,York
80,Female,37,York
81,Male,66,Bradford
82,Female,58,Wakefield
83,Female,78,Wakefield
84,Male,46,Bradford
85,Male,32,York
86,Male,34,Sheffield
87,Female,62,Wakefield
88,Male,49,Bradford
89,Female,66,York
90,Female,45,York
91,Female,61,Leeds
92,Female,68,Sheffield
93,Female,58,Bradford
94,Male,83,Leeds
95,Female,70,Leeds
96,Female,84,Leeds
97,Male,53,Bradford
98,Male,69,Wakefield
99,Female,36,Wakefield
100,Female,70,York
101,Male,35,Wakefield
102,Male,60,Sheffield
103,Female,52,Bradford
104,Female,48,Sheffield
105,Male,7,Sheffield
106,Male,77,Wakefield
107,Female,76,Bradford
108,Female,34,Wakefield
109,Female,51,Sheffield
110,Female,21,Sheffield
111,Female,31,Wakefield
112,Female,35,Leeds
113,Female,15,Leeds
114,Male,41,Bradford
115,Female,79,York
116,Male,26,York
117,Female,36,Wakefield
118,Male,31,Wakefield
119,Male,33,Wakefield
120,Female,71,Wakefield
121,Male,23,York
122,Male,89,Sheffield
123,Male,81,Bradford
124,Male,70,York
125,Female,2,Sheffield
126,Male,77,Leeds
127,Male,33,Wakefield
128,Male,55,Leeds
129,Male,14,Bradford
130,Male,42,Leeds
131,Female,80,Sheffield
132,Female,43,Wakefield
133,Female,41,Leeds
134,Female,34,York
135,Male,85,Leeds
136,Female,66,Leeds
137,Female,54,Wakefield
138,Male,62,Wakefield
139,Male,20,York
140,Female,6,York
141,Female,57,Wakefield
142,Female,30,Sheffield
143,Female,1,Leeds
144,Male,47,Bradford
145,Male,16,York
146,Male,7,Leeds
147,Female,59,Wakefield
148,Male,43,York
149,Female,9,Sheffield
150,Female,62,Wakefield
151,Male,17,Bradford
152,Female,56,Bradford
153,Female,79,Wakefield
154,Female,87,Sheffield
155,Female,68,Sheffield
156,Male,31,Wakefield
157,Male,16,Sheffield
158,Male,66,Bradford
159,Female,31,Sheffield
160,Female,90,York
161,Male,8,Wakefield
162,Female,66,York
163,Male,31,Leeds
164,Female,57,Sheffield
165,Male,10,Leeds
166,Male,47,Bradford
167,Male,50,Bradford
168,Female,8,Leeds
169,Male,6,York
170,Female,42,York
171,Female,30,Sheffield
172,Female,21,York
173,Female,16,Sheffield
174,Female,54,Leeds
175,Male,1,Leeds
176,Male,62,Sheffield
177,Male,33,Leeds
178,Male,58,Bradford
179,Male,30,Bradford
180,Male,2,York
181,Male,26,Leeds
182,Female,18,Bradford
183,Male,6,Wakefield
184,Female,22,York
185,Female,26,York
186,Female,73,Wakefield
187,Female,28,Sheffield
188,Male,25,Bradford
189,Female,20,Sheffield
190,Male,30,Bradford
191,Female,78,Leeds
192,Female,57,Bradford
193,Female,75,Bradford
194,Female,35,Wakefield
195,Female,28,Leeds
196,Female,38,Wakefield
197,Female,18,Leeds
198,Male,27,Sheffield
199,Female,11,Bradford
200,Female,82,York
201,Female,54,Bradford
202,Female,12,Leeds
203,Female,12,Sheffield
204,Male,90,Leeds
205,Male,87,Wakefield
206,Female,27,Leeds
207,Female,67,Bradford
208,Male,76,York
209,Male,90,Bradford
210,Male,34,Wakefield
211,Female,36,Sheffield
212,Male,85,Leeds
213,Male,21,York
214,Male,23,Wakefield
215,Female,76,Bradford
216,Female,17,Bradford
217,Female,38,York
218,Male,1,Sheffield
219,Female,27,Sheffield
220,Male,45,Wakefield
221,Male,20,Bradford
222,Female,38,Bradford
223,Female,80,Sheffield
224,Male,1,Leeds
225,Female,62,Leeds
226,Male,39,York
227,Male,2,Sheffield
228,Male,49,York
229,Female,15,Sheffield
230,Male,14,Wakefield
231,Female,69,Wakefield
232,Male,67,Leeds
233,Female,85,Wakefield
234,Female,46,Wakefield
235,Male,74,Wakefield
236,Female,72,Sheffield
237,Female,38,Wakefield
238,Male,22,Leeds
239,Female,41,York
240,Female,32,Wakefield
241,Female,8,Wakefield
242,Male,3,York
243,Female,28,Sheffield
244,Female,5,Sheffield
245,Female,20,York
246,Female,22,Wakefield
247,Female,73,Leeds
248,Male,15,York
249,Female,24,Bradford
250,Female,78,Wakefield
251,Male,79,York
252,Female,88,Sheffield
253,Male,18,Wakefield
254,Male,62,Bradford
255,Female,75,York
256,Female,28,Sheffield
257,Male,60,Bradford
258,Male,58,Bradford
259,Female,82,York
260,Female,44,Wakefield
261,Male,39,Sheffield
262,Male,24,Sheffield
263,Female,25,Leeds
264,Female,9,Wakefield
265,Female,32,York
266,Female,62,Bradford
267,Male,34,Sheffield
268,Male,50,Sheffield
269,Male,64,Wakefield
270,Female,39,Leeds
271,Female,65,Bradford
272,Male,80,York
273,Male,12,Leeds
274,Male,77,Sheffield
275,Female,5,Wakefield
276,Female,12,Wakefield
277,Male,43,York
278,Female,49,Wakefield
279,Female,81,Wakefield
280,Male,20,York
281,Female,23,Bradford
282,Female,39,York
283,Male,86,Sheffield
284,Male,11,Bradford
285,Female,73,Wakefield
286,Female,5,Wakefield
287,Male,45,Leeds
288,Female,51,Wakefield
289,Female,32,Sheffield
290,Male,69,Wakefield
291,Female,60,York
292,Female,51,Sheffield
293,Female,74,Wakefield
294,Male,16,Sheffield
295,Female,48,Leeds
296,Male,66,York
297,Male,27,Leeds
298,Female,82,Bradford
299,Female,37,Sheffield
300,Female,45,Leeds
301,Female,87,York
302,Female,52,York
303,Female,44,Bradford
304,Male,77,York
305,Female,3,Bradford
306,Male,27,Leeds
307,Male,62,Sheffield
308,Male,85,Bradford
309,Male,32,Wakefield
310,Male,55,Leeds
311,Male,16,Leeds
312,Female,33,Leeds
313,Female,20,Wakefield
314,Male,29,Wakefield
315,Male,72,Sheffield
316,Male,32,York
317,Male,73,Bradford
318,Female,42,York
319,Female,34,Sheffield
320,Female,86,Bradford
321,Male,14,Bradford
322,Female,88,Leeds
323,Female,56,Sheffield
324,Female,78,Wakefield
325,Female,8,Wakefield
326,Female,85,Bradford
327,Female,26,York
328,Female,52,Leeds
329,Female,73,Bradford
330,Female,79,Leeds
331,Female,72,York
332,Female,36,Sheffield
333,Male,89,York
334,Female,49,Sheffield
335,Male,25,Wakefield
336,Female,55,Wakefield
337,Female,32,Leeds
338,Male,41,York
339,Male,64,Wakefield
340,Female,23,York
341,Male,21,York
342,Female,35,Sheffield
343,Female,90,Leeds
344,Female,67,York
345,Male,35,Sheffield
346,Male,42,Leeds
347,Male,43,Bradford
348,Female,77,Leeds
349,Female,86,York
350,Female,61,Sheffield
351,Male,81,Sheffield
352,Male,58,Sheffield
353,Male,84,Bradford
354,Female,64,Sheffield
355,Male,4,Sheffield
356,Male,22,Wakefield
357,Male,70,York
358,Female,84,Bradford
359,Male,35,Wakefield
360,Female,17,Wakefield
361,Male,43,Wakefield
362,Male,47,Sheffield
363,Male,89,York
364,Female,65,Leeds
365,Female,3,York
366,Male,51,Wakefield
367,Male,63,Wakefield
368,Male,71,Sheffield
369,Female,81,Bradford
370,Male,60,Bradford
371,Female,18,Bradford
372,Male,3,Sheffield
373,Female,7,Leeds
374,Male,71,York
375,Male,11,Wakefield
376,Male,28,Sheffield
377,Male,73,Leeds
378,Male,7,Sheffield
379,Male,37,York
380,Male,22,Leeds
381,Female,2,Leeds
382,Male,61,York
383,Female,23,Bradford
384,Female,36,Sheffield
385,Female,20,Wakefield
386,Male,71,York
387,Male,31,Wakefield
388,Male,76,Bradford
389,Male,22,Sheffield
390,Female,39,Sheffield
391,Female,69,Leeds
392,Female,8,York
393,Female,86,Leeds
394,Male,1,Sheffield
395,Male,41,Wakefield
396,Female,26,Sheffield
397,Female,38,Bradford
398,Male,41,Sheffield
399,Female,44,York
400,Female,23,Sheffield
401,Male,55,Leeds
402,Female,59,Bradford
403,Female,63,Sheffield
404,Male,70,York
405,Male,85,Sheffield
406,Female,61,Wakefield
407,Male,44,York
408,Female,84,Bradford
409,Female,57,York
410,Female,32,Leeds
411,Male,71,Sheffield
412,Male,21,York
413,Male,30,Sheffield
414,Female,3,Leeds
415,Male,50,York
416,Male,74,Wakefield
417,Female,72,Sheffield
418,Female,9,York
419,Female,5,Sheffield
420,Male,7,Leeds
421,Female,31,Sheffield
422,Female,5,Leeds
423,Male,51,Leeds
424,Female,64,Leeds
425,Male,25,Sheffield
426,Male,3,Bradford
427,Female,67,Sheffield
428,Female,30,Sheffield
429,Male,82,Sheffield
430,Female,41,York
431,Male,79,Bradford
432,Female,61,Bradford
433,Female,72,Bradford
434,Male,24,Sheffield
435,Female,23,Leeds
436,Male,20,Leeds
437,Female,51,Bradford
438,Female,85,Sheffield
439,Female,30,Wakefield
440,Male,28,York
441,Female,26,Sheffield
442,Male,77,York
443,Male,55,Sheffield
444,Female,58,Sheffield
445,Female,7,York
446,Male,39,Wakefield
447,Female,32,York
448,Female,2,Bradford
449,Female,12,Leeds
450,Female,30,Sheffield
451,Male,13,York
452,Male,42,Sheffield
453,Female,17,Wakefield
454,Female,29,York
455,Male,79,York
456,Female,38,Wakefield
457,Female,53,Leeds
458,Male,88,Leeds
459,Male,58,Sheffield
460,Male,12,York
461,Male,58,Wakefield
462,Female,47,Wakefield
463,Female,73,Sheffield
464,Male,78,Bradford
465,Female,12,Wakefield
466,Female,68,York
467,Female,5,Leeds
468,Male,72,Sheffield
469,Female,51,Wakefield
470,Female,74,Leeds
471,Male,88,York
472,Female,78,Wakefield
473,Male,84,Leeds
474,Male,17,Leeds
475,Female,13,Wakefield
476,Male,73,Sheffield
477,Male,34,Sheffield
478,Male,53,Sheffield
479,Male,72,Bradford
480,Male,33,Leeds
481,Male,61,York
482,Female,59,Sheffield
483,Male,86,Wakefield
484,Male,1,Wakefield
485,Female,39,Wakefield
486,Female,29,Wakefield
487,Female,41,York
488,Female,23,Wakefield
489,Female,28,Wakefield
490,Male,26,Wakefield
491,Male,34,Leeds
492,Male,50,Sheffield
493,Male,86,Leeds
494,Female,12,Leeds
495,Male,73,Sheffield
496,Female,1,Leeds
497,Male,22,Bradford
498,Male,63,Bradford
499,Female,60,Sheffield
500,Female,36,Sheffield
501,Male,18,Bradford
502,Female,16,Leeds
503,Female,3,Leeds
504,Male,68,York
505,Male,6,Bradford
506,Female,58,Sheffield
507,Male,21,Wakefield
508,Male,41,Sheffield
509,Female,18,York
510,Male,77,Leeds
511,Female,40,York
512,Male,44,Bradford
513,Male,71,Wakefield
514,Male,55,Bradford
515,Male,44,Sheffield
516,Male,3,Bradford
517,Male,48,Wakefield
518,Female,76,Wakefield
519,Female,3,Bradford
520,Female,23,Bradford
521,Male,61,York
522,Female,18,Leeds
523,Female,78,York
524,Male,6,Bradford
525,Female,31,York
526,Male,72,Leeds
527,Female,6,Sheffield
528,Male,18,York
529,Male,24,Wakefield
530,Female,41,Sheffield
531,Female,72,Sheffield
532,Male,12,Bradford
533,Female,34,Bradford
534,Female,88,Bradford
535,Male,21,Sheffield
536,Male,63,Sheffield
537,Female,7,Leeds
538,Male,69,Wakefield
539,Female,84,York
540,Male,62,York
541,Male,57,York
542,Male,3,Leeds
543,Male,33,Leeds
544,Female,5,Sheffield
545,Male,61,Bradford
546,Female,20,Bradford
547,Male,15,York
548,Male,85,Sheffield
549,Male,74,Sheffield
550,Male,51,Bradford
551,Female,36,Bradford
552,Female,57,Sheffield
553,Male,58,Sheffield
554,Female,82,York
555,Male,42,Bradford
556,Female,72,Bradford
557,Male,89,Sheffield
558,Female,90,Wakefield
559,Male,26,York
560,Female,30,Bradford
561,Female,22,Wakefield
562,Female,42,Leeds
563,Female,25,Bradford
564,Male,63,Bradford
565,Male,47,Leeds
566,Female,29,York
567,Female,10,Leeds
568,Female,74,Sheffield
569,Male,11,York
570,Female,67,York
571,Male,34,York
572,Male,10,Bradford
573,Male,7,Leeds
574,Male,82,Leeds
575,Female,78,York
576,Male,4,Leeds
577,Female,24,York
578,Female,50,Bradford
579,Female,18,Leeds
580,Female,38,Sheffield
581,Male,82,Wakefield
582,Female,73,Bradford
583,Male,41,Wakefield
584,Male,55,Sheffield
585,Male,50,Leeds
586,Male,29,Bradford
587,Male,68,Wakefield
588,Male,8,Wakefield
589,Female,67,York
590,Female,55,Sheffield
591,Female,85,York
592,Female,74,York
593,Male,18,Sheffield
594,Female,41,Leeds
595,Female,57,York
596,Female,49,Sheffield
597,Male,67,Leeds
598,Male,47,Sheffield
599,Female,9,Sheffield
600,Female,6,York
601,Female,11,Sheffield
602,Male,29,Leeds
603,Male,90,York
604,Male,37,Wakefield
605,Female,40,Bradford
606,Male,90,York
607,Female,42,Wakefield
608,Female,57,York
609,Male,10,York
610,Male,54,York
611,Male,56,Wakefield
612,Male,37,Sheffield
613,Male,50,Sheffield
614,Male,18,York
615,Female,12,Sheffield
616,Female,17,Leeds
617,Female,50,Leeds
618,Male,10,Wakefield
619,Female,61,Wakefield
620,Female,68,Sheffield
621,Male,45,Sheffield
622,Male,74,Bradford
623,Female,12,Sheffield
624,Male,54,York
625,Female,38,Bradford
626,Female,46,Sheffield
627,Female,8,Bradford
628,Female,87,Sheffield
629,Female,73,Leeds
630,Male,89,Sheffield
631,Female,40,Sheffield
632,Male,37,Sheffield
633,Female,11,Leeds
634,Male,54,Wakefield
635,Female,51,Leeds
636,Male,21,Sheffield
637,Male,76,Wakefield
638,Female,14,York
639,Male,89,York
640,Female,57,Leeds
641,Male,82,Sheffield
642,Female,33,York
643,Female,1,Leeds
644,Male,4,Sheffield
645,Female,68,Wakefield
646,Male,3,Sheffield
647,Female,24,York
648,Female,71,Sheffield
649,Male,19,Wakefield
650,Male,29,Bradford
651,Male,72,Wakefield
652,Male,79,Sheffield
653,Female,53,Leeds
654,Female,72,Leeds
655,Female,82,York
656,Female,43,Leeds
657,Female,72,Leeds
658,Male,78,Sheffield
659,Female,14,Wakefield
660,Female,46,Leeds
661,Male,48,Sheffield
662,Female,2,Wakefield
663,Female,30,York
664,Female,36,Bradford
665,Female,82,York
666,Male,60,Bradford
667,Male,13,York
668,Female,60,York
669,Female,90,Leeds
670,Male,20,Wakefield
671,Female,73,Leeds
672,Male,64,Sheffield
673,Male,59,Bradford
674,Male,6,Wakefield
675,Female,87,York
676,Male,37,Bradford
677,Female,54,York
678,Female,37,Wakefield
679,Male,71,York
680,Male,26,Leeds
681,Male,24,Bradford
682,Male,33,Bradford
683,Male,2,Wakefield
684,Male,33,Wakefield
685,Male,52,Leeds
686,Female,1,Leeds
687,Female,82,York
688,Female,42,Wakefield
689,Male,36,Wakefield
690,Male,52,Sheffield
691,Male,56,Bradford
692,Male,58,Sheffield
693,Female,39,Sheffield
694,Female,84,Leeds
695,Female,64,Bradford
696,Male,90,Bradford
697,Female,17,Leeds
698,Male,6,Bradford
699,Male,55,Sheffield
700,Male,43,York
701,Male,25,Leeds
702,Male,74,Wakefield
703,Male,45,Wakefield
704,Male,17,Leeds
705,Male,11,Wakefield
706,Male,5,Sheffield
707,Male,65,Sheffield
708,Male,53,Wakefield
709,Female,58,Sheffield
710,Male,59,Leeds
711,Female,21,Wakefield
712,Male,52,Leeds
713,Male,65,Leeds
714,Male,90,York
715,Female,36,York
716,Male,15,Sheffield
717,Male,29,Sheffield
718,Female,38,Sheffield
719,Female,30,Leeds
720,Female,31,Bradford
721,Female,31,Leeds
722,Male,70,York
723,Female,74,Bradford
724,Female,60,Leeds
725,Female,63,Leeds
726,Male,77,Leeds
727,Female,46,Leeds
728,Female,26,Leeds
729,Male,85,Sheffield
730,Female,7,Leeds
731,Male,90,Sheffield
732,Male,57,Leeds
733,Female,27,Leeds
734,Female,78,Wakefield
735,Male,53,Bradford
736,Male,81,York
737,Male,32,York
738,Male,86,Leeds
739,Female,57,Wakefield
740,Female,4,Bradford
741,Female,67,Wakefield
742,Male,15,York
743,Female,17,Sheffield
744,Male,29,Bradford
745,Male,18,Leeds
746,Male,3,Leeds
747,Male,3,Bradford
748,Female,78,Leeds
749,Female,23,Wakefield
750,Male,25,Bradford
751,Female,69,Leeds
752,Female,71,Sheffield
753,Female,35,Leeds
754,Female,71,Wakefield
755,Male,47,Wakefield
756,Male,1,Leeds
757,Female,50,Leeds
758,Male,67,York
759,Male,69,Bradford
760,Female,90,York
761,Male,18,Sheffield
762,Female,86,Wakefield
763,Female,58,Sheffield
764,Female,90,Wakefield
765,Male,10,Bradford
766,Male,38,Sheffield
767,Male,38,Sheffield
768,Female,53,Leeds
769,Female,8,Sheffield
770,Female,43,Bradford
771,Female,52,York
772,Female,75,Sheffield
773,Female,47,Wakefield
774,Male,60,Sheffield
775,Female,80,Leeds
776,Female,84,York
777,Male,1,Wakefield
778,Male,85,York
779,Female,87,York
780,Female,81,Bradford
781,Male,83,Bradford
782,Male,58,York
783,Female,24,York
784,Female,33,Sheffield
785,Female,42,Wakefield
786,Male,69,Wakefield
787,Male,3,Wakefield
788,Male,60,Wakefield
789,Female,37,York
790,Male,43,York
791,Male,90,Bradford
792,Female,80,Sheffield
793,Female,62,Sheffield
794,Male,90,York
795,Female,58,Leeds
796,Male,16,Bradford
797,Female,72,York
798,Male,56,Sheffield
799,Male,39,Sheffield
800,Female,58,Leeds
801,Male,4,Bradford
802,Female,4,York
803,Female,26,Leeds
804,Male,42,Bradford
805,Female,16,Sheffield
806,Female,42,Leeds
807,Female,47,York
808,Male,13,Bradford
809,Male,35,Sheffield
810,Male,53,Sheffield
811,Male,42,Leeds
812,Male,17,Wakefield
813,Male,23,Bradford
814,Male,75,Bradford
815,Male,20,Wakefield
816,Male,3,Wakefield
817,Male,12,York
818,Female,87,Sheffield
819,Male,20,Sheffield
820,Female,41,Wakefield
821,Male,21,Wakefield
822,Male,82,Bradford
823,Male,90,York
824,Male,41,Bradford
825,Male,48,Sheffield
826,Female,33,Bradford
827,Female,68,Wakefield
828,Female,23,York
829,Female,34,Sheffield
830,Female,78,Sheffield
831,Female,84,Leeds
832,Female,81,Wakefield
833,Male,34,Leeds
834,Male,56,Wakefield
835,Male,37,Leeds
836,Female,85,Leeds
837,Female,2,Bradford
838,Male,83,Bradford
839,Female,45,Wakefield
840,Male,75,Wakefield
841,Male,69,Bradford
842,Male,81,Bradford
843,Female,11,Leeds
844,Female,68,Bradford
845,Male,63,York
846,Female,20,Leeds
847,Female,60,Leeds
848,Female,14,Leeds
849,Male,42,Bradford
850,Male,66,Bradford
851,Female,86,York
852,Female,43,Wakefield
853,Male,6,Sheffield
854,Male,70,York
855,Male,8,Wakefield
856,Male,19,Wakefield
857,Female,30,York
858,Male,39,Leeds
859,Female,32,Leeds
860,Female,41,Sheffield
861,Male,1,York
862,Female,22,Leeds
863,Male,43,Leeds
864,Female,18,Leeds
865,Male,58,Leeds
866,Female,43,York
867,Female,5,Wakefield
868,Male,55,Sheffield
869,Male,39,York
870,Male,37,Bradford
871,Male,14,Wakefield
872,Male,24,Bradford
873,Female,48,Leeds
874,Female,39,Wakefield
875,Female,81,York
876,Female,77,Wakefield
877,Female,6,Sheffield
878,Male,17,Wakefield
879,Male,34,Sheffield
880,Female,69,Leeds
881,Male,30,Bradford
882,Male,19,Leeds
883,Female,61,York
884,Female,63,Bradford
885,Male,63,York
886,Female,20,Wakefield
887,Male,90,Wakefield
888,Male,84,Leeds
889,Male,62,York
890,Female,61,Sheffield
891,Female,8,York
892,Male,74,Sheffield
893,Male,1,Sheffield
894,Female,37,Bradford
895,Male,16,York
896,Female,25,Bradford
897,Female,58,York
898,Male,57,Leeds
899,Male,30,York
900,Female,66,Sheffield
901,Male,70,Bradford
902,Female,53,Bradford
903,Female,28,York
904,Female,39,Wakefield
905,Male,32,York
906,Female,50,Leeds
907,Female,73,Sheffield
908,Male,42,Sheffield
909,Male,42,Bradford
910,Male,46,Leeds
911,Male,46,Wakefield
912,Female,56,Wakefield
913,Male,15,Sheffield
914,Female,56,Leeds
915,Male,83,Sheffield
916,Female,89,Bradford
917,Male,74,Wakefield
918,Female,23,Wakefield
919,Male,45,Leeds
920,Female,30,Leeds
921,Female,39,Bradford
922,Female,54,York
923,Male,2,York
924,Male,43,Sheffield
925,Female,68,Sheffield
926,Female,44,York
927,Male,59,Sheffield
928,Male,78,York
929,Male,61,Bradford
930,Female,66,Wakefield
931,Female,4,Wakefield
932,Female,1,Leeds
933,Female,70,Sheffield
934,Male,55,Bradford
935,Male,85,Wakefield
936,Female,18,Leeds
937,Female,19,Sheffield
938,Female,64,York
939,Male,84,Sheffield
940,Male,34,York
941,Male,37,Wakefield
942,Female,78,Sheffield
943,Female,26,Leeds
944,Male,32,York
945,Female,85,Sheffield
946,Female,3,York
947,Female,58,Sheffield
948,Female,32,York
949,Male,56,York
950,Female,63,Bradford
951,Female,28,Leeds
952,Male,63,Bradford
953,Female,62,York
954,Male,78,Bradford
955,Female,51,Leeds
956,Female,27,Bradford
957,Male,81,Wakefield
958,Male,57,Sheffield
959,Male,41,York
960,Female,69,Leeds
961,Male,79,Sheffield
962,Female,86,York
963,Female,19,York
964,Male,29,Sheffield
965,Male,48,Sheffield
966,Female,29,Wakefield
967,Male,61,Wakefield
968,Male,29,Sheffield
969,Female,39,Leeds
970,Female,85,York
971,Female,10,Bradford
972,Male,46,York
973,Female,75,Leeds
974,Male,31,Wakefield
975,Male,13,Bradford
976,Male,20,Wakefield
977,Female,55,York
978,Female,8,Bradford
979,Male,74,Wakefield
980,Female,47,Leeds
981,Male,51,Leeds
982,Male,14,Sheffield
983,Female,51,Leeds
984,Male,14,Leeds
985,Male,31,Leeds
986,Female,90,Bradford
987,Female,11,York
988,Male,34,Leeds
989,Male,28,York
990,Female,83,Sheffield
991,Female,3,York
992,Female,3,Sheffield
993,Male,48,Bradford
994,Female,13,Bradford
995,Male,59,Sheffield
996,Female,16,York
997,Female,19,Sheffield
998,Female,38,Sheffield
999,Male,53,Leeds
1000,Female,27,York
1001,Female,16,Sheffield
1002,Male,27,Sheffield
1003,Female,7,York
1004,Female,64,Sheffield
1005,Male,37,York
1006,Female,77,York
1007,Male,64,York
1008,Female,17,York
1009,Male,49,York
1010,Female,3,York
1011,Female,15,York
1012,Female,71,York
1013,Female,44,Sheffield
1014,Male,30,York
1015,Female,56,York
1016,Male,39,Sheffield
1017,Male,46,York
1018,Male,35,York
1019,Female,47,Sheffield
1020,Female,66,Sheffield
1021,Male,43,York
1022,Female,72,York
1023,Female,70,York
1024,Male,30,Sheffield
1025,Female,78,Sheffield
1026,Male,88,York
1027,Female,26,York
1028,Male,89,Sheffield
1029,Female,41,Sheffield
1030,Male,87,York
1031,Female,14,York
1032,Male,10,York
1033,Female,32,Sheffield
1034,Male,89,Sheffield
1035,Male,50,York
1036,Female,3,York
1037,Female,18,York
1038,Male,49,Sheffield
1039,Female,38,York
1040,Male,75,Sheffield
1041,Male,17,York
1042,Female,61,Sheffield
1043,Male,23,Sheffield
1044,Female,53,York
1045,Female,93,Sheffield
1046,Female,66,York
1047,Female,62,York
1048,Female,47,Sheffield
1049,Male,15,Sheffield
1050,Female,32,York
1051,Male,21,York
1052,Male,95,Sheffield
1053,Female,40,Sheffield
1054,Female,6,York
1055,Male,47,York
1056,Female,50,Sheffield
1057,Male,10,York
1058,Female,22,Sheffield
1059,Female,38,Sheffield
1060,Male,39,Sheffield
1061,Female,11,York
1062,Female,91,York
1063,Male,59,Sheffield
1064,Male,45,Sheffield
1065,Female,91,Sheffield
1066,Male,39,York
1067,Male,91,Sheffield
1068,Male,73,Sheffield
1069,Male,54,Sheffield
1070,Male,59,York
1071,Female,9,Sheffield
1072,Female,64,Sheffield
1073,Female,65,Sheffield
1074,Male,8,York
1075,Female,22,Sheffield
1076,Female,77,Sheffield
1077,Male,76,York
1078,Female,62,York
1079,Female,83,Sheffield
1080,Female,40,Sheffield
1081,Female,49,Sheffield
1082,Female,67,York
1083,Male,72,York
1084,Female,46,Sheffield
1085,Male,11,Sheffield
1086,Female,41,York
1087,Male,22,Sheffield
1088,Male,19,Sheffield
1089,Female,26,York
1090,Male,71,Sheffield
1091,Male,2,Sheffield
1092,Male,10,Sheffield
1093,Male,3,York
1094,Female,85,York
1095,Female,35,York
1096,Male,67,Sheffield
1097,Female,94,York
1098,Female,64,Sheffield
1099,Male,45,York
1100,Female,85,York
1101,Female,55,Sheffield
1102,Female,66,York
1103,Male,11,York
1104,Male,43,York
1105,Female,85,York
1106,Male,68,York
1107,Female,55,York
1108,Male,71,Sheffield
1109,Male,20,York
1110,Female,88,Sheffield
1111,Female,29,York
1112,Male,14,Sheffield
1113,Female,15,York
1114,Male,12,Sheffield
1115,Female,62,Sheffield
1116,Male,95,York
1117,Female,12,York
1118,Male,12,Sheffield
1119,Female,23,Sheffield
1120,Male,60,Sheffield
1121,Male,94,Sheffield
1122,Female,23,Sheffield
1123,Female,79,Sheffield
1124,Male,75,Sheffield
1125,Male,50,York
1126,Male,74,York
1127,Female,7,York
1128,Female,85,Sheffield
1129,Male,15,Sheffield
1130,Female,38,Sheffield
1131,Female,58,York
1132,Male,81,Sheffield
1133,Female,14,Sheffield
1134,Male,11,Sheffield
1135,Female,18,York
1136,Male,23,Sheffield
1137,Male,12,Sheffield
1138,Female,87,Sheffield
1139,Male,73,York
1140,Male,22,York
1141,Female,18,Sheffield
1142,Female,28,Sheffield
1143,Female,20,York
1144,Female,95,York
1145,Female,81,Sheffield
1146,Female,19,Sheffield
1147,Male,75,York
1148,Female,23,York
1149,Male,57,Sheffield
1150,Female,66,Sheffield
1151,Male,17,Sheffield
1152,Male,12,Sheffield
1153,Male,40,Sheffield
1154,Male,41,York
1155,Male,95,Sheffield
1156,Female,16,Sheffield
1157,Male,50,York
1158,Female,29,York
1159,Male,71,Sheffield
1160,Male,41,York
1161,Male,33,Sheffield
1162,Female,36,Sheffield
1163,Male,36,York
1164,Male,16,York
1165,Female,65,York
1166,Male,26,York
1167,Male,10,York
1168,Female,65,York
1169,Female,35,Sheffield
1170,Male,53,Sheffield
1171,Female,92,Sheffield
1172,Male,3,Sheffield
1173,Female,29,York
1174,Female,70,York
1175,Male,84,York
1176,Male,86,Sheffield
1177,Female,68,Sheffield
1178,Female,29,Sheffield
1179,Male,69,Sheffield
1180,Male,78,Sheffield
1181,Male,24,York
1182,Female,55,Sheffield
1183,Female,56,Sheffield
1184,Female,53,York
1185,Female,34,Sheffield
1186,Female,85,York
1187,Female,61,York
1188,Male,24,York
1189,Male,7,Sheffield
1190,Female,21,Sheffield
1191,Male,89,Sheffield
1192,Female,32,York
1193,Female,83,Sheffield
1194,Male,62,York
1195,Female,28,Sheffield
1196,Male,37,Sheffield
1197,Female,9,Sheffield
1198,Male,16,Sheffield
1199,Female,42,York
1200,Male,18,York
1201,Male,35,York
1202,Female,83,York
1203,Male,49,Sheffield
1204,Male,93,Sheffield
1205,Female,69,York
1206,Male,55,Sheffield
1207,Male,91,York
1208,Male,5,York
1209,Female,86,York
1210,Male,60,Sheffield
1211,Female,16,Sheffield
1212,Male,48,York
1213,Female,7,Sheffield
1214,Male,78,Sheffield
1215,Female,62,York
1216,Male,93,Sheffield
1217,Male,22,York
1218,Male,80,York
1219,Female,8,Sheffield
1220,Male,19,York
1221,Male,39,York
1222,Male,92,Sheffield
1223,Male,86,Sheffield
1224,Female,42,York
1225,Male,5,York
1226,Male,60,Sheffield
1227,Female,92,York
1228,Female,11,York
1229,Female,84,York
1230,Female,9,Sheffield
1231,Male,49,York
1232,Male,47,Sheffield
1233,Female,24,Sheffield
1234,Male,88,Sheffield
1235,Male,31,Sheffield
1236,Female,12,York
1237,Female,51,Sheffield
1238,Male,78,Sheffield
1239,Male,33,Sheffield
1240,Female,32,York
1241,Female,13,Sheffield
1242,Female,14,Sheffield
1243,Female,9,York
1244,Female,4,York
1245,Male,33,York
1246,Female,78,Sheffield
1247,Female,41,York
1248,Male,52,York
1249,Female,93,Sheffield
1250,Female,78,York
1251,Male,70,Sheffield
1252,Female,67,York
1253,Male,74,York
1254,Male,15,Sheffield
1255,Female,87,York
1256,Male,80,York
1257,Male,31,York
1258,Female,34,Sheffield
1259,Female,10,York
1260,Male,16,York
1261,Male,36,York
1262,Male,77,York
1263,Male,27,Sheffield
1264,Female,20,York
1265,Female,91,York
1266,Male,75,Sheffield
1267,Female,54,York
1268,Female,29,Sheffield
1269,Male,56,York
1270,Male,10,York
1271,Male,46,Sheffield
1272,Male,59,Sheffield
1273,Female,72,York
1274,Female,47,Sheffield
1275,Female,57,York
1276,Male,77,Sheffield
1277,Female,4,York
1278,Female,72,Sheffield
1279,Male,4,York
1280,Female,39,Sheffield
1281,Female,10,Sheffield
1282,Male,75,Sheffield
1283,Female,43,Sheffield
1284,Female,60,York
1285,Female,29,Sheffield
1286,Female,1,York
1287,Female,66,Sheffield
1288,Female,42,Sheffield
1289,Female,80,York
1290,Male,57,Sheffield
1291,Female,8,York
1292,Female,34,York
1293,Female,43,Sheffield
1294,Male,14,York
1295,Male,11,Sheffield
1296,Male,77,Sheffield
1297,Female,36,Sheffield
1298,Female,94,York
1299,Male,3,York
1300,Male,48,York
1301,Female,51,York
1302,Male,44,Sheffield
1303,Male,76,Sheffield
1304,Male,79,York
1305,Female,81,York
1306,Female,92,York
1307,Female,89,York
1308,Female,51,Sheffield
1309,Male,80,Sheffield
1310,Female,6,Sheffield
1311,Female,13,York
1312,Male,28,York
1313,Female,79,Sheffield
1314,Male,13,Sheffield
1315,Male,35,York
1316,Female,73,Sheffield
1317,Male,31,Sheffield
1318,Female,8,York
1319,Female,53,Sheffield
1320,Male,91,York
1321,Male,19,Sheffield
1322,Male,43,Sheffield
1323,Male,29,York
1324,Male,58,Sheffield
1325,Male,77,York
1326,Female,16,York
1327,Female,18,Sheffield
1328,Female,48,York
1329,Male,62,Sheffield
1330,Female,2,Sheffield
1331,Female,49,York
1332,Male,24,Sheffield
1333,Male,20,Sheffield
1334,Male,12,Sheffield
1335,Female,31,York
1336,Male,20,Sheffield
1337,Male,61,York
1338,Female,56,Sheffield
1339,Female,92,Sheffield
1340,Male,73,Sheffield
1341,Female,40,York
1342,Female,83,Sheffield
1343,Male,91,Sheffield
1344,Male,44,Sheffield
1345,Male,29,Sheffield
1346,Female,57,Sheffield
1347,Male,63,Sheffield
1348,Female,38,York
1349,Female,58,Sheffield
1350,Female,91,Sheffield
1351,Female,38,York
1352,Male,76,Sheffield
1353,Male,53,Sheffield
1354,Female,81,Sheffield
1355,Female,82,Sheffield
1356,Male,69,York
1357,Female,51,Sheffield
1358,Female,69,Sheffield
1359,Female,78,York
1360,Female,18,York
1361,Male,79,York
1362,Female,56,York
1363,Male,18,Sheffield
1364,Female,84,York
1365,Male,56,Sheffield
1366,Female,46,Sheffield
1367,Male,5,York
1368,Female,78,York
1369,Female,2,York
1370,Female,74,York
1371,Female,73,Sheffield
1372,Male,68,Sheffield
1373,Male,69,Sheffield
1374,Male,3,Sheffield
1375,Female,18,Sheffield
1376,Female,50,York
1377,Female,81,York
1378,Female,3,Sheffield
1379,Male,5,York
1380,Female,18,Sheffield
1381,Male,50,Sheffield
1382,Female,34,York
1383,Female,14,Sheffield
1384,Female,42,Sheffield
1385,Female,17,Sheffield
1386,Male,76,Sheffield
1387,Male,27,Sheffield
1388,Female,53,Sheffield
1389,Female,88,York
1390,Male,9,Sheffield
1391,Male,51,Sheffield
1392,Male,71,Sheffield
1393,Male,6,Sheffield
1394,Female,44,Sheffield
1395,Male,95,York
1396,Female,13,Sheffield
1397,Female,67,Sheffield
1398,Female,38,York
1399,Male,80,Sheffield
1400,Female,5,York
1401,Male,72,York
1402,Female,77,Sheffield
1403,Female,76,Sheffield
1404,Male,65,York
1405,Female,87,York
1406,Female,68,Sheffield
1407,Female,62,York
1408,Female,92,York
1409,Female,23,Sheffield
1410,Male,27,Sheffield
1411,Male,22,Sheffield
1412,Male,9,York
1413,Male,95,York
1414,Female,82,Sheffield
1415,Female,59,York
1416,Male,67,York
1417,Female,14,York
1418,Male,60,York
1419,Male,3,Sheffield
1420,Female,31,York
1421,Male,43,York
1422,Male,75,Sheffield
1423,Male,68,Sheffield
1424,Female,77,Sheffield
1425,Female,25,Sheffield
1426,Male,58,York
1427,Male,39,Sheffield
1428,Female,52,York
1429,Female,40,Sheffield
1430,Male,94,York
1431,Female,36,Sheffield
1432,Male,64,York
1433,Female,48,Sheffield
1434,Male,27,York
1435,Male,54,Sheffield
1436,Male,73,York
1437,Female,73,Sheffield
1438,Female,74,York
1439,Male,11,York
1440,Male,59,York
1441,Male,79,Sheffield
1442,Male,43,Sheffield
1443,Male,4,Sheffield
1444,Female,60,Sheffield
1445,Male,25,York
1446,Male,15,York
1447,Female,2,York
1448,Female,71,Sheffield
1449,Female,34,Sheffield
1450,Male,84,York
1451,Male,4,York
1452,Female,3,Sheffield
1453,Male,69,York
1454,Male,43,York
1455,Female,84,Sheffield
1456,Male,71,York
1457,Female,74,Sheffield
1458,Female,23,York
1459,Female,2,Sheffield
1460,Female,53,York
1461,Female,73,York
1462,Female,15,Sheffield
1463,Female,70,York
1464,Male,2,Sheffield
1465,Male,8,York
1466,Female,44,York
1467,Female,41,Sheffield
1468,Female,8,York
1469,Male,30,Sheffield
1470,Male,32,Sheffield
1471,Female,80,York
1472,Female,50,Sheffield
1473,Male,20,York
1474,Male,46,York
1475,Female,25,York
1476,Male,5,Sheffield
1477,Female,36,Sheffield
1478,Female,33,Sheffield
1479,Male,80,Sheffield
1480,Male,26,Sheffield
1481,Female,46,York
1482,Male,83,York
1483,Male,67,York
1484,Male,19,York
1485,Male,95,Sheffield
1486,Male,83,York
1487,Female,76,Sheffield
1488,Female,56,Sheffield
1489,Male,80,York
1490,Male,81,York
1491,Female,48,Sheffield
1492,Male,94,York
1493,Male,88,Sheffield
1494,Female,26,York
1495,Male,18,Sheffield
1496,Male,24,York
1497,Female,45,Sheffield
1498,Male,52,Sheffield
1499,Male,83,York
1500,Male,5,Sheffield
1501,Female,79,York
1502,Male,78,Sheffield
1503,Female,40,York
1504,Female,90,Sheffield
1505,Male,64,York
1506,Male,90,York
1507,Female,20,York
1508,Male,69,Sheffield
1509,Female,2,Sheffield
1510,Female,51,York
1511,Male,45,Sheffield
1512,Female,85,Sheffield
1513,Male,46,Sheffield
1514,Female,9,York
1515,Female,79,York
1516,Male,67,York
1517,Female,53,York
1518,Male,60,Sheffield
1519,Male,66,York
1520,Female,1,Sheffield
1521,Male,36,York
1522,Female,84,Sheffield
1523,Male,17,Sheffield
1524,Male,71,Sheffield
1525,Female,50,Sheffield
1526,Female,76,York
1527,Male,8,Sheffield
1528,Male,60,York
1529,Male,27,Sheffield
1530,Female,48,York
1531,Male,4,Sheffield
1532,Male,45,Sheffield
1533,Female,22,York
1534,Female,75,Sheffield
1535,Male,65,Sheffield
1536,Male,47,Sheffield
1537,Female,27,York
1538,Female,80,Sheffield
1539,Male,66,York
1540,Female,61,York
1541,Female,87,Sheffield
1542,Male,80,York
1543,Female,32,Sheffield
1544,Female,93,Sheffield
1545,Male,60,Sheffield
1546,Male,4,York
1547,Female,83,York
1548,Female,70,York
1549,Female,32,Sheffield
1550,Female,36,Sheffield
1551,Male,2,York
1552,Female,78,Sheffield
1553,Female,30,York
1554,Female,60,York
1555,Male,56,Sheffield
1556,Female,70,Sheffield
1557,Male,22,York
1558,Female,78,York
1559,Female,20,York
1560,Male,41,Sheffield
1561,Female,94,Sheffield
1562,Female,77,York
1563,Female,34,Sheffield
1564,Male,58,York
1565,Male,2,Sheffield
1566,Female,27,Sheffield
1567,Female,84,York
1568,Male,83,Sheffield
1569,Female,47,York
1570,Female,22,York
1571,Male,47,York
1572,Male,5,York
1573,Male,65,York
1574,Male,75,York
1575,Female,59,Sheffield
1576,Female,87,Sheffield
1577,Female,62,Sheffield
1578,Female,74,Sheffield
1579,Female,72,York
1580,Female,77,Sheffield
1581,Male,27,York
1582,Male,50,York
1583,Male,80,York
1584,Male,79,Sheffield
1585,Female,2,Sheffield
1586,Female,49,Sheffield
1587,Male,86,Sheffield
1588,Female,36,Sheffield
1589,Female,8,York
1590,Female,37,York
1591,Female,10,Sheffield
1592,Male,17,Sheffield
1593,Female,56,Sheffield
1594,Male,46,York
1595,Male,84,Sheffield
1596,Male,11,Sheffield
1597,Female,93,York
1598,Female,38,York
1599,Female,22,York
1600,Male,34,Sheffield
1601,Male,73,Sheffield
1602,Male,26,York
1603,Male,57,York
1604,Male,90,York
1605,Male,48,Sheffield
1606,Female,46,York
1607,Female,8,Sheffield
1608,Male,30,York
1609,Female,68,Sheffield
1610,Male,37,York
1611,Male,25,York
1612,Female,75,York
1613,Male,30,York
1614,Female,61,Sheffield
1615,Male,95,Sheffield
1616,Female,17,York
1617,Female,60,Sheffield
1618,Male,64,York
1619,Female,58,York
1620,Male,73,York
1621,Female,5,Sheffield
1622,Female,30,Sheffield
1623,Male,71,York
1624,Male,72,Sheffield
1625,Female,56,York
1626,Female,92,Sheffield
1627,Female,3,Sheffield
1628,Male,52,York
1629,Male,33,Sheffield
1630,Female,13,Sheffield
1631,Female,74,York
1632,Female,76,Sheffield
1633,Female,21,Sheffield
1634,Female,47,York
1635,Female,74,York
1636,Female,74,York
1637,Female,3,York
1638,Male,70,York
1639,Male,2,Sheffield
1640,Male,10,York
1641,Female,27,York
1642,Female,48,Sheffield
1643,Male,59,York
1644,Male,66,York
1645,Female,27,Sheffield
1646,Female,35,Sheffield
1647,Male,65,York
1648,Male,64,Sheffield
1649,Male,23,Sheffield
1650,Male,25,Sheffield
1651,Male,58,York
1652,Male,1,York
1653,Female,23,York
1654,Male,90,Sheffield
1655,Male,3,Sheffield
1656,Male,77,Sheffield
1657,Female,35,Sheffield
1658,Male,8,York
1659,Female,11,York
1660,Male,4,Sheffield
1661,Male,23,York
1662,Male,9,York
1663,Male,53,York
1664,Male,47,York
1665,Female,82,York
1666,Male,75,York
1667,Male,54,York
1668,Male,32,York
1669,Female,64,York
1670,Female,34,York
1671,Male,68,Sheffield
1672,Male,33,Sheffield
1673,Female,18,Sheffield
1674,Female,59,York
1675,Male,76,York
1676,Male,43,York
1677,Male,12,York
1678,Female,56,York
1679,Female,32,York
1680,Female,93,York
1681,Female,90,York
1682,Female,83,Sheffield
1683,Female,7,Sheffield
1684,Female,70,Sheffield
1685,Male,47,York
1686,Female,82,Sheffield
1687,Female,89,York
1688,Female,64,York
1689,Male,93,Sheffield
1690,Male,46,York
1691,Female,95,Sheffield
1692,Male,19,Sheffield
1693,Female,90,York
1694,Male,24,York
1695,Male,12,Sheffield
1696,Male,27,York
1697,Male,2,York
1698,Female,61,Sheffield
1699,Female,46,York
1700,Female,60,Sheffield
1701,Male,44,York
1702,Female,61,Sheffield
1703,Female,2,York
1704,Male,13,York
1705,Male,39,York
1706,Male,85,York
1707,Female,14,Sheffield
1708,Male,30,York
1709,Male,14,York
1710,Male,63,Sheffield
1711,Male,63,York
1712,Female,57,Sheffield
1713,Female,24,Sheffield
1714,Female,7,Sheffield
1715,Male,64,Sheffield
1716,Female,5,York
1717,Male,83,York
1718,Male,64,Sheffield
1719,Male,46,York
1720,Male,5,Sheffield
1721,Female,27,York
1722,Male,91,York
1723,Male,30,Sheffield
1724,Male,20,Sheffield
1725,Female,26,Sheffield
1726,Female,17,Sheffield
1727,Male,71,Sheffield
1728,Female,87,York
1729,Female,42,Sheffield
1730,Female,90,York
1731,Male,55,Sheffield
1732,Male,69,York
1733,Female,61,York
1734,Female,79,Sheffield
1735,Male,93,York
1736,Female,18,Sheffield
1737,Female,72,York
1738,Male,38,York
1739,Female,34,Sheffield
1740,Female,36,Sheffield
1741,Female,7,Sheffield
1742,Male,17,York
1743,Female,26,York
1744,Male,41,Sheffield
1745,Male,47,York
1746,Female,44,York
1747,Male,88,York
1748,Male,29,Sheffield
1749,Female,88,York
1750,Male,28,Sheffield
1751,Male,95,Sheffield
1752,Male,87,Sheffield
1753,Female,44,York
1754,Male,53,York
1755,Male,90,York
1756,Female,61,Sheffield
1757,Male,73,Sheffield
1758,Female,76,Sheffield
1759,Male,48,Sheffield
1760,Female,70,Sheffield
1761,Male,75,York
1762,Female,27,Sheffield
1763,Male,50,Sheffield
1764,Female,36,York
1765,Male,55,Sheffield
1766,Female,50,Sheffield
1767,Female,23,Sheffield
1768,Female,31,York
1769,Female,30,York
1770,Male,7,Sheffield
1771,Male,91,York
1772,Female,41,York
1773,Female,22,Sheffield
1774,Female,91,York
1775,Female,79,Sheffield
1776,Male,47,York
1777,Male,3,York
1778,Female,48,York
1779,Female,94,York
1780,Male,75,Sheffield
1781,Male,2,Sheffield
1782,Male,28,York
1783,Male,28,Sheffield
1784,Female,28,York
1785,Female,80,Sheffield
1786,Male,17,York
1787,Male,17,York
1788,Female,52,Sheffield
1789,Male,68,York
1790,Female,87,Sheffield
1791,Female,17,Sheffield
1792,Female,11,York
1793,Female,1,York
1794,Male,90,York
1795,Female,46,York
1796,Female,90,York
1797,Male,54,Sheffield
1798,Female,83,Sheffield
1799,Male,3,Sheffield
1800,Male,64,Sheffield
1801,Female,62,York
1802,Male,52,York
1803,Female,68,Sheffield
1804,Female,36,York
1805,Female,93,York
1806,Male,57,Sheffield
1807,Female,18,York
1808,Female,38,Sheffield
1809,Male,14,Sheffield
1810,Female,87,Sheffield
1811,Male,54,York
1812,Male,90,York
1813,Male,94,Sheffield
1814,Female,60,Sheffield
1815,Female,49,York
1816,Male,84,York
1817,Female,15,Sheffield
1818,Male,21,York
1819,Female,59,York
1820,Male,64,York
1821,Female,12,Sheffield
1822,Female,61,York
1823,Female,9,York
1824,Male,39,Sheffield
1825,Male,50,York
1826,Female,58,Sheffield
1827,Male,27,York
1828,Female,91,Sheffield
1829,Male,68,Sheffield
1830,Male,16,York
1831,Female,24,York
1832,Male,43,Sheffield
1833,Male,29,York
1834,Male,39,York
1835,Male,84,York
1836,Female,42,York
1837,Male,21,Sheffield
1838,Female,25,Sheffield
1839,Male,43,Sheffield
1840,Male,21,York
1841,Male,29,Sheffield
1842,Female,76,Sheffield
1843,Male,46,Sheffield
1844,Female,79,York
1845,Female,32,York
1846,Female,55,York
1847,Female,60,Sheffield
1848,Male,24,Sheffield
1849,Female,10,York
1850,Female,24,York
1851,Female,70,Sheffield
1852,Female,67,Sheffield
1853,Female,73,York
1854,Male,41,Sheffield
1855,Female,78,Sheffield
1856,Female,7,Sheffield
1857,Female,82,Sheffield
1858,Female,81,Sheffield
1859,Male,12,Sheffield
1860,Male,7,Sheffield
1861,Male,48,Sheffield
1862,Female,27,Sheffield
1863,Male,68,Sheffield
1864,Male,63,York
1865,Male,65,Sheffield
1866,Female,60,York
1867,Male,28,Sheffield
1868,Female,3,Sheffield
1869,Female,17,Sheffield
1870,Female,15,York
1871,Female,67,York
1872,Male,35,York
1873,Female,28,Sheffield
1874,Female,40,York
1875,Male,1,York
1876,Female,12,Sheffield
1877,Female,34,Sheffield
1878,Female,45,York
1879,Female,92,York
1880,Female,47,York
1881,Female,40,York
1882,Female,45,Sheffield
1883,Male,45,Sheffield
1884,Male,54,Sheffield
1885,Male,3,York
1886,Female,26,Sheffield
1887,Female,12,York
1888,Male,43,York
1889,Female,27,Sheffield
1890,Female,29,York
1891,Male,66,Sheffield
1892,Male,12,York
1893,Female,95,York
1894,Female,71,York
1895,Female,78,York
1896,Female,72,York
1897,Female,94,York
1898,Female,74,Sheffield
1899,Female,10,York
1900,Female,55,Sheffield
1901,Female,86,Sheffield
1902,Male,72,Sheffield
1903,Female,14,York
1904,Male,83,Sheffield
1905,Female,31,York
1906,Male,9,York
1907,Female,61,Sheffield
1908,Male,70,Sheffield
1909,Male,53,York
1910,Female,66,York
1911,Male,56,York
1912,Male,47,Sheffield
1913,Female,35,York
1914,Male,68,York
1915,Male,64,York
1916,Male,57,Sheffield
1917,Male,87,York
1918,Male,46,Sheffield
1919,Female,12,Sheffield
1920,Female,21,Sheffield
1921,Female,12,Sheffield
1922,Female,6,York
1923,Male,59,York
1924,Male,8,Sheffield
1925,Female,46,York
1926,Female,62,Sheffield
1927,Male,19,Sheffield
1928,Female,90,York
1929,Male,82,York
1930,Female,61,Sheffield
1931,Female,63,York
1932,Male,33,Sheffield
1933,Female,67,Sheffield
1934,Male,57,York
1935,Female,36,Sheffield
1936,Male,5,Sheffield
1937,Male,82,York
1938,Male,67,York
1939,Female,25,Sheffield
1940,Female,57,York
1941,Female,67,York
1942,Male,58,York
1943,Male,35,York
1944,Male,30,Sheffield
1945,Male,64,York
1946,Male,7,Sheffield
1947,Female,42,York
1948,Male,67,York
1949,Male,84,Sheffield
1950,Female,66,York
1951,Male,80,Sheffield
1952,Male,55,Sheffield
1953,Male,90,York
1954,Female,39,Sheffield
1955,Female,30,Sheffield
1956,Female,90,York
1957,Female,46,Sheffield
1958,Male,60,Sheffield
1959,Female,13,Sheffield
1960,Female,94,York
1961,Female,85,Sheffield
1962,Male,9,Sheffield
1963,Female,58,York
1964,Female,53,York
1965,Female,93,Sheffield
1966,Female,86,Sheffield
1967,Female,54,Sheffield
1968,Male,37,York
1969,Male,22,York
1970,Female,40,York
1971,Female,75,Sheffield
1972,Female,57,Sheffield
1973,Male,43,York
1974,Male,58,York
1975,Male,85,York
1976,Female,74,Sheffield
1977,Male,8,York
1978,Female,59,Sheffield
1979,Female,90,Sheffield
1980,Male,7,York
1981,Male,11,York
1982,Male,5,Sheffield
1983,Female,36,Sheffield
1984,Female,9,Sheffield
1985,Female,27,York
1986,Male,31,York
1987,Male,78,Sheffield
1988,Female,19,Sheffield
1989,Male,43,York
1990,Male,29,Sheffield
1991,Female,44,York
1992,Male,6,Sheffield
1993,Female,76,Sheffield
1994,Female,30,Sheffield
1995,Female,35,York
1996,Male,10,Sheffield
1997,Female,40,York
1998,Female,46,Sheffield
1999,Male,48,York
2000,Male,68,Sheffield
2001,Female,79,Sheffield
2002,Male,66,York
2003,Male,32,Sheffield
2004,Male,72,Sheffield
2005,Female,11,York
2006,Female,58,Sheffield
2007,Male,66,Sheffield
2008,Male,71,York
2009,Female,64,York
2010,Male,95,York
2011,Female,57,York
2012,Male,14,Sheffield
2013,Male,14,Sheffield
2014,Male,64,Sheffield
2015,Male,85,York
2016,Male,6,Sheffield
2017,Male,30,Sheffield
2018,Male,77,York
2019,Female,23,York
2020,Female,90,York
2021,Male,41,Sheffield
2022,Male,81,Sheffield
2023,Male,45,Sheffield
2024,Male,69,Sheffield
2025,Male,60,York
2026,Male,37,Sheffield
2027,Male,37,York
2028,Male,33,York
2029,Female,37,York
2030,Female,90,York
2031,Female,59,Sheffield
2032,Male,5,Sheffield
2033,Male,52,York
2034,Female,23,Sheffield
2035,Male,59,Sheffield
2036,Male,45,York
2037,Female,42,Sheffield
2038,Female,81,York
2039,Female,36,York
2040,Male,72,York
2041,Male,34,York
2042,Male,84,Sheffield
2043,Female,53,York
2044,Male,74,Sheffield
2045,Female,71,York
2046,Male,31,Sheffield
2047,Female,21,Sheffield
2048,Male,54,York
2049,Male,8,York
2050,Male,90,Sheffield
2051,Male,26,York
2052,Female,81,York
2053,Female,67,York
2054,Male,60,York
2055,Male,54,Sheffield
2056,Male,31,Sheffield
2057,Female,10,Sheffield
2058,Female,49,Sheffield
2059,Female,42,Sheffield
2060,Female,15,York
2061,Female,86,Sheffield
2062,Male,70,York
2063,Female,51,York
2064,Male,23,Sheffield
2065,Male,70,York
2066,Male,47,York
2067,Male,22,York
2068,Female,14,Sheffield
2069,Male,29,York
2070,Male,69,York
2071,Female,80,Sheffield
2072,Female,89,Sheffield
2073,Male,18,Sheffield
2074,Male,62,York
2075,Female,54,Sheffield
2076,Female,35,Sheffield
2077,Female,27,York
2078,Male,11,Sheffield
2079,Female,65,York
2080,Female,67,York
2081,Male,35,York
2082,Female,15,Sheffield
2083,Female,46,Sheffield
2084,Male,75,Sheffield
2085,Female,71,Sheffield
2086,Female,61,Sheffield
2087,Female,35,Sheffield
2088,Female,16,Sheffield
2089,Female,56,York
2090,Female,89,Sheffield
2091,Male,46,Sheffield
2092,Female,36,Sheffield
2093,Female,56,York
2094,Female,18,Sheffield
2095,Female,54,Sheffield
2096,Male,44,Sheffield
2097,Female,65,Sheffield
2098,Female,22,York
2099,Male,18,York
2100,Male,15,Sheffield
2101,Male,43,Sheffield
2102,Female,8,Sheffield
2103,Male,83,Sheffield
2104,Male,16,Sheffield
2105,Female,77,Sheffield
2106,Male,58,York
2107,Female,75,Sheffield
2108,Male,17,Sheffield
2109,Female,70,Sheffield
2110,Male,15,York
2111,Male,64,Sheffield
2112,Male,46,Sheffield
2113,Female,69,York
2114,Female,28,York
2115,Male,8,Sheffield
2116,Male,45,York
2117,Male,26,York
2118,Male,46,Sheffield
2119,Male,85,Sheffield
2120,Female,81,Sheffield
2121,Male,6,Sheffield
2122,Female,50,Sheffield
2123,Male,2,York
2124,Female,15,York
2125,Female,41,York
2126,Male,70,York
2127,Female,89,York
2128,Male,40,Sheffield
2129,Female,20,Sheffield
2130,Male,39,Sheffield
2131,Female,95,York
2132,Female,90,Sheffield
2133,Female,95,Sheffield
2134,Female,68,Sheffield
2135,Female,84,York
2136,Male,56,Sheffield
2137,Male,58,Sheffield
2138,Female,58,Sheffield
2139,Male,22,York
2140,Female,49,Sheffield
2141,Male,15,York
2142,Male,63,Sheffield
2143,Male,6,Sheffield
2144,Female,85,York
2145,Female,46,York
2146,Female,27,York
2147,Male,35,York
2148,Female,30,Sheffield
2149,Female,45,Sheffield
2150,Female,57,York
2151,Male,42,Sheffield
2152,Male,47,York
2153,Male,10,Sheffield
2154,Male,14,Sheffield
2155,Female,14,York
2156,Male,49,York
2157,Female,68,Sheffield
2158,Female,13,York
2159,Female,40,Sheffield
2160,Male,43,Sheffield
2161,Male,37,Sheffield
2162,Female,71,York
2163,Female,87,Sheffield
2164,Female,26,Sheffield
2165,Female,13,Sheffield
2166,Male,69,Sheffield
2167,Female,13,Sheffield
2168,Female,66,Sheffield
2169,Male,85,York
2170,Female,50,York
2171,Female,90,York
2172,Female,30,York
2173,Male,90,York
2174,Female,18,York
2175,Male,77,York
2176,Male,28,York
2177,Male,29,Sheffield
2178,Female,14,Sheffield
2179,Female,62,York
2180,Female,8,York
2181,Female,52,Sheffield
2182,Male,56,York
2183,Male,26,York
2184,Male,24,Sheffield
2185,Female,59,York
2186,Male,90,York
2187,Female,29,York
2188,Female,10,York
2189,Male,64,Sheffield
2190,Female,72,York
2191,Male,55,York
2192,Female,41,York
2193,Male,77,Sheffield
2194,Male,31,York
2195,Male,7,Sheffield
2196,Female,11,Sheffield
2197,Female,27,York
2198,Male,4,Sheffield
2199,Female,71,Sheffield
2200,Male,32,York
2201,Male,22,Sheffield
2202,Male,27,Sheffield
2203,Male,31,Sheffield
2204,Male,22,Sheffield
2205,Male,91,York
2206,Female,34,York
2207,Female,90,Sheffield
2208,Female,9,York
2209,Female,86,Sheffield
2210,Male,92,Sheffield
2211,Male,80,York
2212,Male,44,York
2213,Male,29,Sheffield
2214,Female,44,Sheffield
2215,Male,71,Sheffield
2216,Female,19,Sheffield
2217,Female,61,Sheffield
2218,Female,13,York
2219,Male,52,Sheffield
2220,Male,76,York
2221,Male,94,Sheffield
2222,Male,50,York
2223,Male,74,Sheffield
2224,Male,62,Sheffield
2225,Male,47,York
2226,Male,94,Sheffield
2227,Male,8,York
2228,Female,50,Sheffield
2229,Female,67,Sheffield
2230,Female,19,York
2231,Female,61,Sheffield
2232,Male,78,Sheffield
2233,Female,63,Sheffield
2234,Female,79,Sheffield
2235,Male,94,Sheffield
2236,Male,83,York
2237,Male,40,York
2238,Female,64,Sheffield
2239,Female,5,York
2240,Male,6,Sheffield
2241,Female,56,York
2242,Female,32,Sheffield
2243,Female,1,Sheffield
2244,Female,24,York
2245,Female,59,York
2246,Male,67,York
2247,Female,91,York
2248,Male,57,Sheffield
2249,Male,57,York
2250,Male,1,Sheffield
2251,Male,40,York
2252,Female,76,Sheffield
2253,Female,63,York
2254,Male,65,York
2255,Male,21,York
2256,Male,66,York
2257,Male,34,Sheffield
2258,Female,48,Sheffield
2259,Male,93,York
2260,Female,61,Sheffield
2261,Male,77,Sheffield
2262,Female,83,York
2263,Female,60,York
2264,Female,58,Sheffield
2265,Female,12,Sheffield
2266,Male,92,York
2267,Male,43,Sheffield
2268,Male,50,York
2269,Female,48,Sheffield
2270,Male,25,York
2271,Male,29,York
2272,Male,94,Sheffield
2273,Male,89,York
2274,Female,90,York
2275,Female,11,York
2276,Female,62,Sheffield
2277,Male,72,Sheffield
2278,Female,40,York
2279,Male,75,Sheffield
2280,Female,89,Sheffield
2281,Male,26,Sheffield
2282,Female,16,Sheffield
2283,Female,10,York
2284,Female,56,York
2285,Male,39,York
2286,Female,66,York
2287,Male,77,Sheffield
2288,Male,53,York
2289,Male,51,Sheffield
2290,Female,5,Sheffield
2291,Female,50,Sheffield
2292,Male,55,Sheffield
2293,Female,89,Sheffield
2294,Male,19,York
2295,Female,48,York
2296,Male,15,York
2297,Female,31,York
2298,Female,90,York
2299,Male,95,Sheffield
2300,Male,32,Sheffield
2301,Female,9,York
2302,Male,24,York
2303,Female,70,Sheffield
2304,Male,83,Sheffield
2305,Female,36,York
2306,Male,27,Sheffield
2307,Male,60,Sheffield
2308,Female,12,Sheffield
2309,Female,61,York
2310,Male,7,Sheffield
2311,Male,7,Sheffield
2312,Male,24,Sheffield
2313,Female,38,York
2314,Male,14,York
2315,Male,53,Sheffield
2316,Female,6,York
2317,Male,32,York
2318,Male,75,York
2319,Female,63,York
2320,Female,24,York
2321,Male,17,York
2322,Male,34,Sheffield
2323,Female,79,York
2324,Female,6,Sheffield
2325,Male,64,York
2326,Female,72,Sheffield
2327,Male,9,Sheffield
2328,Female,57,York
2329,Male,90,York
2330,Male,10,York
2331,Female,11,Sheffield
2332,Female,57,Sheffield
2333,Female,93,Sheffield
2334,Female,48,Sheffield
2335,Male,63,Sheffield
2336,Female,21,York
2337,Female,84,Sheffield
2338,Female,41,York
2339,Male,23,Sheffield
2340,Male,78,York
2341,Male,72,Sheffield
2342,Male,81,Sheffield
2343,Female,88,Sheffield
2344,Male,75,York
2345,Female,33,York
2346,Female,21,Sheffield
2347,Male,28,York
2348,Male,80,Sheffield
2349,Female,54,Sheffield
2350,Female,60,York
2351,Female,11,York
2352,Female,28,Sheffield
2353,Male,50,Sheffield
2354,Female,1,Sheffield
2355,Female,13,York
2356,Female,13,York
2357,Female,72,Sheffield
2358,Female,86,Sheffield
2359,Female,39,York
2360,Male,3,York
2361,Female,70,York
2362,Male,82,Sheffield
2363,Female,11,Sheffield
2364,Male,77,Sheffield
2365,Male,53,York
2366,Female,73,Sheffield
2367,Female,13,Sheffield
2368,Male,40,York
2369,Male,12,York
2370,Female,81,Sheffield
2371,Female,14,York
2372,Male,65,York
2373,Female,40,Sheffield
2374,Female,42,York
2375,Male,84,Sheffield
2376,Male,57,Sheffield
2377,Female,66,York
2378,Female,48,York
2379,Female,21,York
2380,Female,78,York
2381,Male,26,Sheffield
2382,Male,64,Sheffield
2383,Female,94,York
2384,Female,61,Sheffield
2385,Female,45,York
2386,Female,54,York
2387,Female,68,Sheffield
2388,Male,55,York
2389,Male,63,Sheffield
2390,Male,65,York
2391,Female,2,Sheffield
2392,Female,3,York
2393,Male,74,York
2394,Male,82,Sheffield
2395,Male,87,York
2396,Female,95,York
2397,Male,38,York
2398,Female,50,Sheffield
2399,Male,9,York
2400,Female,13,Sheffield
2401,Male,24,Sheffield
2402,Female,34,Sheffield
2403,Male,33,Sheffield
2404,Male,70,Sheffield
2405,Male,23,Sheffield
2406,Female,75,Sheffield
2407,Male,3,York
2408,Male,56,York
2409,Male,18,York
2410,Male,30,Sheffield
2411,Female,45,York
2412,Female,71,Sheffield
2413,Male,55,Sheffield
2414,Male,52,York
2415,Female,84,Sheffield
2416,Male,92,York
2417,Male,26,York
2418,Male,20,York
2419,Female,53,Sheffield
2420,Female,20,Sheffield
2421,Male,10,Sheffield
2422,Male,72,Sheffield
2423,Female,73,York
2424,Male,75,Sheffield
2425,Female,9,York
2426,Female,33,York
2427,Female,93,Sheffield
2428,Female,68,Sheffield
2429,Male,35,Sheffield
2430,Female,56,York
2431,Male,44,Sheffield
2432,Female,6,Sheffield
2433,Male,48,Sheffield
2434,Female,24,Sheffield
2435,Male,95,York
2436,Female,20,Sheffield
2437,Male,82,York
2438,Male,25,York
2439,Male,74,York
2440,Male,35,Sheffield
2441,Female,27,Sheffield
2442,Male,10,Sheffield
2443,Female,60,Sheffield
2444,Female,15,Sheffield
2445,Female,70,Sheffield
2446,Female,89,York
2447,Female,60,York
2448,Female,54,York
2449,Female,64,Sheffield
2450,Female,7,Sheffield
2451,Female,72,York
2452,Male,4,York
2453,Female,29,Sheffield
2454,Female,47,Sheffield
2455,Male,27,Sheffield
2456,Male,68,York
2457,Male,92,York
2458,Male,19,York
2459,Male,87,Sheffield
2460,Male,68,Sheffield
2461,Female,1,Sheffield
2462,Male,2,Sheffield
2463,Female,82,Sheffield
2464,Male,53,York
2465,Male,58,York
2466,Female,31,Sheffield
2467,Female,41,Sheffield
2468,Female,75,York
2469,Female,34,York
2470,Male,63,York
2471,Female,15,Sheffield
2472,Female,32,York
2473,Male,30,Sheffield
2474,Female,55,Sheffield
2475,Female,55,Sheffield
2476,Male,48,York
2477,Female,61,York
2478,Female,50,Sheffield
2479,Male,72,Sheffield
2480,Female,35,York
2481,Female,69,York
2482,Female,19,York
2483,Male,35,Sheffield
2484,Female,28,Sheffield
2485,Female,83,York
2486,Female,9,Sheffield
2487,Female,71,Sheffield
2488,Female,66,York
2489,Male,86,York
2490,Female,51,Sheffield
2491,Male,88,Sheffield
2492,Male,94,York
2493,Male,42,York
2494,Female,43,Sheffield
2495,Female,17,Sheffield
2496,Female,62,Sheffield
2497,Male,1,Sheffield
2498,Female,91,York
2499,Female,54,Sheffield
2500,Male,29,York
2501,Female,25,York
2502,Female,4,Sheffield
2503,Male,47,York
2504,Male,8,Sheffield
2505,Female,73,Sheffield
2506,Male,53,Sheffield
2507,Female,6,York
2508,Male,36,York
2509,Female,16,York
2510,Female,18,Sheffield
2511,Male,40,York
2512,Female,91,Sheffield
2513,Female,11,Sheffield
2514,Male,73,Sheffield
2515,Male,11,Sheffield
2516,Female,4,York
2517,Female,54,Sheffield
2518,Male,26,Sheffield
2519,Female,83,York
2520,Female,89,York
2521,Female,53,Sheffield
2522,Male,55,Sheffield
2523,Female,10,Sheffield
2524,Male,29,Sheffield
2525,Male,57,Sheffield
2526,Female,55,Sheffield
2527,Female,19,Sheffield
2528,Female,53,Sheffield
2529,Male,48,Sheffield
2530,Female,45,Sheffield
2531,Female,39,York
2532,Male,23,York
2533,Male,82,York
2534,Female,72,Sheffield
2535,Male,55,York
2536,Female,34,Sheffield
2537,Female,50,Sheffield
2538,Female,24,Sheffield
2539,Female,17,York
2540,Female,4,Sheffield
2541,Female,42,Sheffield
2542,Male,32,Sheffield
2543,Female,64,Sheffield
2544,Male,47,Sheffield
2545,Female,79,York
2546,Female,14,Sheffield
2547,Female,68,York
2548,Female,17,Sheffield
2549,Female,67,York
2550,Female,64,York
2551,Female,59,Sheffield
2552,Male,22,York
2553,Female,93,York
2554,Female,87,Sheffield
2555,Female,45,Sheffield
2556,Female,35,York
2557,Female,21,Sheffield
2558,Female,37,York
2559,Male,59,York
2560,Male,75,York
2561,Male,50,York
2562,Female,84,York
2563,Male,3,York
2564,Male,31,York
2565,Female,94,York
2566,Male,62,York
2567,Female,40,Sheffield
2568,Male,56,Sheffield
2569,Male,6,York
2570,Male,42,Sheffield
2571,Female,42,York
2572,Male,41,York
2573,Female,88,York
2574,Female,77,York
2575,Female,92,Sheffield
2576,Male,5,York
2577,Male,72,York
2578,Female,24,Sheffield
2579,Male,51,York
2580,Male,10,Sheffield
2581,Female,10,York
2582,Female,67,Sheffield
2583,Female,38,York
2584,Male,31,Sheffield
2585,Male,9,York
2586,Male,74,York
2587,Female,77,Sheffield
2588,Male,2,Sheffield
2589,Female,18,Sheffield
2590,Female,82,York
2591,Female,30,Sheffield
2592,Female,54,Sheffield
2593,Male,50,Sheffield
2594,Male,40,York
2595,Male,34,Sheffield
2596,Female,69,Sheffield
2597,Female,17,York
2598,Male,71,Sheffield
2599,Female,15,Sheffield
2600,Female,45,Sheffield
2601,Male,64,York
2602,Male,13,Sheffield
2603,Male,75,Sheffield
2604,Male,76,York
2605,Female,31,York
2606,Male,83,Sheffield
2607,Male,12,Sheffield
2608,Male,59,York
2609,Female,75,Sheffield
2610,Male,32,Sheffield
2611,Male,48,York
2612,Male,95,Sheffield
2613,Female,12,York
2614,Male,78,Sheffield
2615,Male,70,York
2616,Male,26,York
2617,Female,58,York
2618,Female,6,Sheffield
2619,Female,19,York
2620,Female,11,York
2621,Female,70,York
2622,Female,75,Sheffield
2623,Male,39,York
2624,Female,69,York
2625,Male,47,York
2626,Female,21,York
2627,Female,6,Sheffield
2628,Male,55,York
2629,Female,77,Sheffield
2630,Male,30,Sheffield
2631,Male,3,York
2632,Female,57,Sheffield
2633,Female,22,Sheffield
2634,Female,3,Sheffield
2635,Male,89,Sheffield
2636,Female,13,York
2637,Female,7,York
2638,Female,44,York
2639,Female,55,Sheffield
2640,Male,85,York
2641,Male,76,Sheffield
2642,Male,14,York
2643,Female,91,Sheffield
2644,Male,34,York
2645,Male,61,Sheffield
2646,Male,43,Sheffield
2647,Female,66,Sheffield
2648,Female,11,Sheffield
2649,Male,47,Sheffield
2650,Female,23,Sheffield
2651,Female,51,Sheffield
2652,Female,78,Sheffield
2653,Female,32,Sheffield
2654,Male,8,York
2655,Female,83,York
2656,Female,81,Sheffield
2657,Male,79,Sheffield
2658,Male,21,Sheffield
2659,Male,32,York
2660,Male,53,Sheffield
2661,Female,91,Sheffield
2662,Male,45,York
2663,Male,63,Sheffield
2664,Male,25,York
2665,Female,1,York
2666,Female,78,York
2667,Male,64,York
2668,Male,1,York
2669,Female,78,Sheffield
2670,Male,30,York
2671,Female,65,Sheffield
2672,Female,22,York
2673,Female,33,York
2674,Female,24,Sheffield
2675,Female,74,York
2676,Male,62,York
2677,Female,43,York
2678,Female,16,Sheffield
2679,Male,61,York
2680,Male,58,York
2681,Male,56,Sheffield
2682,Male,64,York
2683,Female,67,Sheffield
2684,Female,26,Sheffield
2685,Male,80,Sheffield
2686,Female,68,York
2687,Male,49,Sheffield
2688,Male,13,Sheffield
2689,Female,91,York
2690,Female,70,York
2691,Female,93,Sheffield
2692,Male,48,York
2693,Male,50,York
2694,Male,39,York
2695,Male,3,York
2696,Male,49,Sheffield
2697,Male,45,Sheffield
2698,Female,19,Sheffield
2699,Female,52,Sheffield
2700,Female,67,Sheffield
2701,Female,55,Sheffield
2702,Male,68,York
2703,Male,14,York
2704,Male,22,York
2705,Female,13,York
2706,Male,80,Sheffield
2707,Male,59,Sheffield
2708,Female,14,Sheffield
2709,Male,45,York
2710,Female,87,Sheffield
2711,Female,62,York
2712,Male,53,York
2713,Female,82,Sheffield
2714,Female,59,York
2715,Female,36,Sheffield
2716,Male,49,York
2717,Male,88,York
2718,Male,22,Sheffield
2719,Female,90,York
2720,Male,60,York
2721,Female,57,Sheffield
2722,Female,64,Sheffield
2723,Male,80,York
2724,Male,86,York
2725,Female,66,Sheffield
2726,Male,80,York
2727,Male,29,York
2728,Female,30,York
2729,Male,54,York
2730,Male,47,York
2731,Male,57,York
2732,Female,44,York
2733,Female,50,Sheffield
2734,Female,46,Sheffield
2735,Female,83,Sheffield
2736,Male,83,Sheffield
2737,Male,74,York
2738,Male,76,Sheffield
2739,Female,19,Sheffield
2740,Female,28,York
2741,Male,87,York
2742,Male,20,York
2743,Male,90,Sheffield
2744,Male,31,Sheffield
2745,Male,49,York
2746,Female,86,Sheffield
2747,Female,86,York
2748,Male,27,Sheffield
2749,Female,49,Sheffield
2750,Female,46,Sheffield
2751,Female,18,York
2752,Male,18,York
2753,Female,89,York
2754,Female,24,York
2755,Male,40,York
2756,Female,24,Sheffield
2757,Female,76,York
2758,Male,52,Sheffield
2759,Female,74,Sheffield
2760,Female,78,Sheffield
2761,Male,55,York
2762,Female,86,Sheffield
2763,Male,94,Sheffield
2764,Male,17,Sheffield
2765,Male,27,York
2766,Male,53,York
2767,Male,55,Sheffield
2768,Female,67,York
2769,Male,21,Sheffield
2770,Male,25,York
2771,Female,66,Sheffield
2772,Male,15,York
2773,Female,78,York
2774,Male,47,York
2775,Male,86,Sheffield
2776,Female,54,York
2777,Male,84,York
2778,Female,37,Sheffield
2779,Female,75,York
2780,Male,67,Sheffield
2781,Male,68,Sheffield
2782,Male,28,Sheffield
2783,Female,44,Sheffield
2784,Female,36,York
2785,Female,80,York
2786,Male,73,York
2787,Male,52,York
2788,Male,18,York
2789,Male,91,York
2790,Female,62,York
2791,Female,67,Sheffield
2792,Female,83,York
2793,Female,63,Sheffield
2794,Female,61,Sheffield
2795,Female,5,York
2796,Female,70,York
2797,Female,48,Sheffield
2798,Female,49,York
2799,Male,46,York
2800,Male,57,Sheffield
2801,Male,48,Sheffield
2802,Male,61,York
2803,Female,65,York
2804,Male,56,York
2805,Male,73,York
2806,Female,61,York
2807,Male,26,Sheffield
2808,Male,65,York
2809,Male,26,Sheffield
2810,Female,62,Sheffield
2811,Female,63,Sheffield
2812,Male,17,York
2813,Male,2,Sheffield
2814,Male,52,Sheffield
2815,Female,17,Sheffield
2816,Female,79,York
2817,Female,20,York
2818,Male,51,Sheffield
2819,Male,50,York
2820,Male,27,York
2821,Male,7,Sheffield
2822,Male,49,Sheffield
2823,Male,31,York
2824,Female,47,York
2825,Female,17,York
2826,Male,27,York
2827,Female,23,York
2828,Female,21,York
2829,Male,65,Sheffield
2830,Male,31,Sheffield
2831,Female,63,York
2832,Female,78,York
2833,Male,16,York
2834,Male,16,York
2835,Male,70,York
2836,Male,86,York
2837,Female,29,York
2838,Female,82,Sheffield
2839,Male,48,Sheffield
2840,Female,38,Sheffield
2841,Male,31,Sheffield
2842,Male,50,Sheffield
2843,Female,87,Sheffield
2844,Female,67,Sheffield
2845,Female,17,York
2846,Female,76,Sheffield
2847,Male,92,York
2848,Male,87,York
2849,Male,32,Sheffield
2850,Female,29,York
2851,Female,81,Sheffield
2852,Male,25,York
2853,Male,54,Sheffield
2854,Female,68,Sheffield
2855,Female,11,York
2856,Male,53,Sheffield
2857,Female,54,York
2858,Male,25,York
2859,Male,23,Sheffield
2860,Male,32,York
2861,Female,56,York
2862,Male,36,Sheffield
2863,Female,47,Sheffield
2864,Male,38,York
2865,Male,87,York
2866,Female,50,York
2867,Female,27,York
2868,Male,68,York
2869,Female,72,Sheffield
2870,Male,16,Sheffield
2871,Female,91,Sheffield
2872,Male,63,York
2873,Male,76,York
2874,Male,3,York
2875,Female,3,Sheffield
2876,Female,66,York
2877,Female,42,Sheffield
2878,Male,23,York
2879,Female,28,York
2880,Male,4,Sheffield
2881,Male,89,York
2882,Female,58,York
2883,Male,43,Sheffield
2884,Female,82,York
2885,Male,54,Sheffield
2886,Female,85,York
2887,Male,31,Sheffield
2888,Female,27,Sheffield
2889,Male,63,Sheffield
2890,Female,3,Sheffield
2891,Male,30,Sheffield
2892,Male,82,Sheffield
2893,Female,95,Sheffield
2894,Female,13,Sheffield
2895,Female,24,York
2896,Male,41,York
2897,Male,63,Sheffield
2898,Male,31,York
2899,Female,70,York
2900,Female,10,Sheffield
2901,Female,28,York
2902,Male,85,Sheffield
2903,Female,76,York
2904,Male,81,Sheffield
2905,Female,27,Sheffield
2906,Male,75,York
2907,Female,37,York
2908,Male,14,Sheffield
2909,Female,41,Sheffield
2910,Female,64,York
2911,Male,64,York
2912,Female,86,York
2913,Female,48,York
2914,Male,27,York
2915,Female,1,York
2916,Female,35,Sheffield
2917,Male,95,York
2918,Female,67,Sheffield
2919,Male,2,Sheffield
2920,Male,85,York
2921,Male,84,Sheffield
2922,Female,53,Sheffield
2923,Male,64,York
2924,Male,64,York
2925,Female,88,Sheffield
2926,Female,83,York
2927,Female,47,York
2928,Male,61,Sheffield
2929,Male,19,York
2930,Male,55,York
2931,Female,36,Sheffield
2932,Male,89,York
2933,Female,75,York
2934,Male,9,York
2935,Female,44,York
2936,Male,36,York
2937,Female,84,Sheffield
2938,Female,68,Sheffield
2939,Male,41,Sheffield
2940,Male,79,York
2941,Female,24,York
2942,Female,41,Sheffield
2943,Male,21,York
2944,Male,28,York
2945,Female,50,York
2946,Male,77,York
2947,Female,58,York
2948,Female,91,York
2949,Female,15,York
2950,Male,43,York
2951,Female,82,Sheffield
2952,Female,67,York
2953,Male,61,Sheffield
2954,Male,63,York
2955,Female,87,Sheffield
2956,Female,47,Sheffield
2957,Female,78,Sheffield
2958,Male,69,York
2959,Female,55,York
2960,Female,27,Sheffield
2961,Female,43,York
2962,Male,88,York
2963,Male,70,York
2964,Female,7,York
2965,Female,72,Sheffield
2966,Male,49,Sheffield
2967,Female,16,York
2968,Female,62,York
2969,Female,88,York
2970,Male,7,Sheffield
2971,Female,87,Sheffield
2972,Female,18,Sheffield
2973,Male,64,Sheffield
2974,Male,82,Sheffield
2975,Female,6,York
2976,Male,40,Sheffield
2977,Female,31,Sheffield
2978,Female,39,York
2979,Female,57,Sheffield
2980,Male,49,Sheffield
2981,Female,86,Sheffield
2982,Male,24,Sheffield
2983,Male,16,York
2984,Female,23,York
2985,Female,14,Sheffield
2986,Female,1,York
2987,Male,55,York
2988,Female,81,Sheffield
2989,Female,93,York
2990,Male,5,Sheffield
2991,Female,71,Sheffield
2992,Male,45,Sheffield
2993,Male,5,Sheffield
2994,Male,31,York
2995,Male,60,Sheffield
2996,Male,58,Sheffield
2997,Male,43,Sheffield
2998,Male,62,York
2999,Male,30,Sheffield
3000,Male,70,York
